{
  "week": 0.4487716356756523,
  "month": 0.0706502331275135,
  "year": 0.03340059530233238
}